{"Age": 0.8383838383838385, "Gender": 1.0, "Temperature (C)": 0.7816503626093619, "Humidity": 0.3642384109328538, "Wind Speed (km/h)": 0.1469239789191596, "nausea": 1.0, "joint_pain": 0.0, "abdominal_pain": 0.0, "high_fever": 0.0, "chills": 0.0, "fatigue": 0.0, "runny_nose": 0.0, "pain_behind_the_eyes": 0.0, "dizziness": 1.0, "headache": 0.0, "chest_pain": 0.0, "vomiting": 0.0, "cough": 0.0, "hiv_aids": 0.0, "nasal_polyps": 0.0, "asthma": 0.0, "high_blood_pressure": 0.0, "severe_headache": 0.0, "weakness": 0.0, "trouble_seeing": 0.0, "fever": 0.0, "body_aches": 0.0, "sore_throat": 0.0, "sneezing": 0.0, "diarrhea": 0.0, "rapid_breathing": 0.0, "rapid_heart_rate": 0.0, "pain_behind_eyes": 0.0, "swollen_glands": 0.0, "rashes": 0.0, "sinus_headache": 0.0, "facial_pain": 0.0, "shortness_of_breath": 0.0, "reduced_smell_and_taste": 0.0, "skin_irritation": 0.0, "itchiness": 0.0, "throbbing_headache": 1.0, "confusion": 0.0, "back_pain": 0.0, "knee_ache": 0.0}