{
    "annotations": {
      "list": [
        {
          "builtIn": 1,
          "datasource": {
            "type": "datasource",
            "uid": "grafana"
          },
          "enable": true,
          "hide": true,
          "iconColor": "rgba(0, 211, 255, 1)",
          "name": "Annotations & Alerts",
          "type": "dashboard"
        }
      ]
    },
    "description": "This dashboard provides cluster admins with the ability to monitor nodes and identify workload bottlenecks.",
    "editable": true,
    "fiscalYearStartMonth": 0,
    "gnetId": 10000,
    "graphTooltip": 0,
    "id": 1,
    "links": [],
    "liveNow": false,
    "panels": [
      {
        "collapsed": false,
        "datasource": {
          "type": "prometheus",
          "uid": "b98c8fd7-a783-4635-8d04-f7555d2e2df4"
        },
        "gridPos": {
          "h": 1,
          "w": 24,
          "x": 0,
          "y": 0
        },
        "id": 34,
        "panels": [],
        "targets": [
          {
            "datasource": {
              "type": "prometheus",
              "uid": "b98c8fd7-a783-4635-8d04-f7555d2e2df4"
            },
            "refId": "A"
          }
        ],
        "title": "Summary",
        "type": "row"
      },
      {
        "datasource": {
          "type": "prometheus",
          "uid": "b98c8fd7-a783-4635-8d04-f7555d2e2df4"
        },
        "fieldConfig": {
          "defaults": {
            "color": {
              "mode": "thresholds"
            },
            "mappings": [
              {
                "options": {
                  "match": "null",
                  "result": {
                    "text": "N/A"
                  }
                },
                "type": "special"
              }
            ],
            "max": 100,
            "min": 0,
            "thresholds": {
              "mode": "absolute",
              "steps": [
                {
                  "color": "rgba(50, 172, 45, 0.97)",
                  "value": null
                },
                {
                  "color": "rgba(237, 129, 40, 0.89)",
                  "value": 65
                },
                {
                  "color": "rgba(245, 54, 54, 0.9)",
                  "value": 90
                }
              ]
            },
            "unit": "percent"
          },
          "overrides": []
        },
        "gridPos": {
          "h": 7,
          "w": 8,
          "x": 0,
          "y": 1
        },
        "id": 4,
        "links": [],
        "maxDataPoints": 100,
        "options": {
          "minVizHeight": 200,
          "minVizWidth": 200,
          "orientation": "horizontal",
          "reduceOptions": {
            "calcs": [
              "lastNotNull"
            ],
            "fields": "",
            "values": false
          },
          "showThresholdLabels": false,
          "showThresholdMarkers": true,
          "sizing": "auto"
        },
        "pluginVersion": "10.2.3",
        "targets": [
          {
            "datasource": {
              "type": "prometheus",
              "uid": "b98c8fd7-a783-4635-8d04-f7555d2e2df4"
            },
            "editorMode": "code",
            "expr": "sum (container_memory_working_set_bytes{id=\"/\"}) / sum (machine_memory_bytes) * 100",
            "format": "time_series",
            "interval": "10s",
            "intervalFactor": 1,
            "range": true,
            "refId": "A",
            "step": 10
          }
        ],
        "title": "Cluster memory usage",
        "type": "gauge"
      },
      {
        "datasource": {
          "type": "prometheus",
          "uid": "b98c8fd7-a783-4635-8d04-f7555d2e2df4"
        },
        "fieldConfig": {
          "defaults": {
            "color": {
              "mode": "thresholds"
            },
            "decimals": 2,
            "mappings": [
              {
                "options": {
                  "match": "null",
                  "result": {
                    "text": "N/A"
                  }
                },
                "type": "special"
              }
            ],
            "max": 100,
            "min": 0,
            "thresholds": {
              "mode": "absolute",
              "steps": [
                {
                  "color": "rgba(50, 172, 45, 0.97)",
                  "value": null
                },
                {
                  "color": "rgba(237, 129, 40, 0.89)",
                  "value": 65
                },
                {
                  "color": "rgba(245, 54, 54, 0.9)",
                  "value": 90
                }
              ]
            },
            "unit": "percent"
          },
          "overrides": []
        },
        "gridPos": {
          "h": 7,
          "w": 8,
          "x": 8,
          "y": 1
        },
        "id": 6,
        "links": [],
        "maxDataPoints": 100,
        "options": {
          "minVizHeight": 200,
          "minVizWidth": 200,
          "orientation": "horizontal",
          "reduceOptions": {
            "calcs": [
              "lastNotNull"
            ],
            "fields": "",
            "values": false
          },
          "showThresholdLabels": false,
          "showThresholdMarkers": true,
          "sizing": "auto"
        },
        "pluginVersion": "10.2.3",
        "targets": [
          {
            "datasource": {
              "type": "prometheus",
              "uid": "b98c8fd7-a783-4635-8d04-f7555d2e2df4"
            },
            "editorMode": "code",
            "expr": "sum (rate (container_cpu_usage_seconds_total{id=\"/\"}[$interval])) / sum (machine_cpu_cores) * 100",
            "format": "time_series",
            "interval": "10s",
            "intervalFactor": 1,
            "legendFormat": "",
            "range": true,
            "refId": "A",
            "step": 10
          }
        ],
        "title": "Cluster CPU usage ($interval avg)",
        "type": "gauge"
      },
      {
        "datasource": {
          "type": "prometheus",
          "uid": "b98c8fd7-a783-4635-8d04-f7555d2e2df4"
        },
        "fieldConfig": {
          "defaults": {
            "color": {
              "mode": "thresholds"
            },
            "decimals": 2,
            "mappings": [
              {
                "options": {
                  "match": "null",
                  "result": {
                    "text": "N/A"
                  }
                },
                "type": "special"
              }
            ],
            "max": 100,
            "min": 0,
            "thresholds": {
              "mode": "absolute",
              "steps": [
                {
                  "color": "rgba(50, 172, 45, 0.97)",
                  "value": null
                },
                {
                  "color": "rgba(237, 129, 40, 0.89)",
                  "value": 65
                },
                {
                  "color": "rgba(245, 54, 54, 0.9)",
                  "value": 90
                }
              ]
            },
            "unit": "percent"
          },
          "overrides": []
        },
        "gridPos": {
          "h": 7,
          "w": 8,
          "x": 16,
          "y": 1
        },
        "id": 7,
        "links": [],
        "maxDataPoints": 100,
        "options": {
          "minVizHeight": 200,
          "minVizWidth": 200,
          "orientation": "horizontal",
          "reduceOptions": {
            "calcs": [
              "lastNotNull"
            ],
            "fields": "",
            "values": false
          },
          "showThresholdLabels": false,
          "showThresholdMarkers": true,
          "sizing": "auto"
        },
        "pluginVersion": "10.2.3",
        "targets": [
          {
            "datasource": {
              "type": "prometheus",
              "uid": "b98c8fd7-a783-4635-8d04-f7555d2e2df4"
            },
            "expr": "sum (container_fs_usage_bytes{id=\"/\"}) / sum (container_fs_limit_bytes{id=\"/\"}) * 100",
            "format": "time_series",
            "interval": "10s",
            "intervalFactor": 1,
            "legendFormat": "",
            "metric": "",
            "refId": "A",
            "step": 10
          }
        ],
        "title": "Cluster filesystem usage",
        "type": "gauge"
      },
      {
        "datasource": {
          "type": "prometheus",
          "uid": "b98c8fd7-a783-4635-8d04-f7555d2e2df4"
        },
        "fieldConfig": {
          "defaults": {
            "color": {
              "mode": "thresholds"
            },
            "decimals": 2,
            "mappings": [
              {
                "options": {
                  "match": "null",
                  "result": {
                    "text": "N/A"
                  }
                },
                "type": "special"
              }
            ],
            "thresholds": {
              "mode": "absolute",
              "steps": [
                {
                  "color": "green",
                  "value": null
                },
                {
                  "color": "red",
                  "value": 80
                }
              ]
            },
            "unit": "bytes"
          },
          "overrides": []
        },
        "gridPos": {
          "h": 3,
          "w": 4,
          "x": 0,
          "y": 8
        },
        "id": 45,
        "links": [],
        "maxDataPoints": 100,
        "options": {
          "colorMode": "none",
          "graphMode": "none",
          "justifyMode": "auto",
          "orientation": "horizontal",
          "reduceOptions": {
            "calcs": [
              "lastNotNull"
            ],
            "fields": "",
            "values": false
          },
          "textMode": "auto",
          "wideLayout": true
        },
        "pluginVersion": "10.2.3",
        "targets": [
          {
            "datasource": {
              "type": "prometheus",
              "uid": "b98c8fd7-a783-4635-8d04-f7555d2e2df4"
            },
            "editorMode": "code",
            "expr": "sum (machine_memory_bytes)",
            "format": "time_series",
            "interval": "10s",
            "intervalFactor": 1,
            "range": true,
            "refId": "A",
            "step": 10
          }
        ],
        "title": "Total",
        "type": "stat"
      },
      {
        "datasource": {
          "type": "prometheus",
          "uid": "b98c8fd7-a783-4635-8d04-f7555d2e2df4"
        },
        "fieldConfig": {
          "defaults": {
            "color": {
              "mode": "thresholds"
            },
            "decimals": 2,
            "mappings": [
              {
                "options": {
                  "match": "null",
                  "result": {
                    "text": "N/A"
                  }
                },
                "type": "special"
              }
            ],
            "thresholds": {
              "mode": "absolute",
              "steps": [
                {
                  "color": "green",
                  "value": null
                },
                {
                  "color": "red",
                  "value": 80
                }
              ]
            },
            "unit": "bytes"
          },
          "overrides": []
        },
        "gridPos": {
          "h": 3,
          "w": 4,
          "x": 4,
          "y": 8
        },
        "id": 9,
        "links": [],
        "maxDataPoints": 100,
        "options": {
          "colorMode": "none",
          "graphMode": "none",
          "justifyMode": "auto",
          "orientation": "horizontal",
          "reduceOptions": {
            "calcs": [
              "lastNotNull"
            ],
            "fields": "",
            "values": false
          },
          "textMode": "auto",
          "wideLayout": true
        },
        "pluginVersion": "10.2.3",
        "targets": [
          {
            "datasource": {
              "type": "prometheus",
              "uid": "b98c8fd7-a783-4635-8d04-f7555d2e2df4"
            },
            "editorMode": "code",
            "expr": "sum (container_memory_working_set_bytes{id=\"/\"})",
            "format": "time_series",
            "interval": "10s",
            "intervalFactor": 1,
            "range": true,
            "refId": "A",
            "step": 10
          }
        ],
        "title": "Used",
        "type": "stat"
      },
      {
        "datasource": {
          "type": "prometheus",
          "uid": "b98c8fd7-a783-4635-8d04-f7555d2e2df4"
        },
        "fieldConfig": {
          "defaults": {
            "color": {
              "mode": "thresholds"
            },
            "decimals": 2,
            "mappings": [
              {
                "options": {
                  "match": "null",
                  "result": {
                    "text": "N/A"
                  }
                },
                "type": "special"
              }
            ],
            "thresholds": {
              "mode": "absolute",
              "steps": [
                {
                  "color": "green",
                  "value": null
                },
                {
                  "color": "red",
                  "value": 80
                }
              ]
            },
            "unit": "none"
          },
          "overrides": []
        },
        "gridPos": {
          "h": 3,
          "w": 4,
          "x": 8,
          "y": 8
        },
        "id": 12,
        "links": [],
        "maxDataPoints": 100,
        "options": {
          "colorMode": "none",
          "graphMode": "none",
          "justifyMode": "auto",
          "orientation": "horizontal",
          "reduceOptions": {
            "calcs": [
              "lastNotNull"
            ],
            "fields": "",
            "values": false
          },
          "textMode": "auto",
          "wideLayout": true
        },
        "pluginVersion": "10.2.3",
        "targets": [
          {
            "datasource": {
              "type": "prometheus",
              "uid": "b98c8fd7-a783-4635-8d04-f7555d2e2df4"
            },
            "editorMode": "code",
            "expr": "sum (machine_cpu_cores)",
            "format": "time_series",
            "interval": "10s",
            "intervalFactor": 1,
            "range": true,
            "refId": "A",
            "step": 10
          }
        ],
        "title": "Total",
        "type": "stat"
      },
      {
        "datasource": {
          "type": "prometheus",
          "uid": "b98c8fd7-a783-4635-8d04-f7555d2e2df4"
        },
        "fieldConfig": {
          "defaults": {
            "color": {
              "mode": "thresholds"
            },
            "decimals": 2,
            "mappings": [
              {
                "options": {
                  "match": "null",
                  "result": {
                    "text": "N/A"
                  }
                },
                "type": "special"
              }
            ],
            "thresholds": {
              "mode": "absolute",
              "steps": [
                {
                  "color": "green",
                  "value": null
                },
                {
                  "color": "red",
                  "value": 80
                }
              ]
            },
            "unit": "none"
          },
          "overrides": []
        },
        "gridPos": {
          "h": 3,
          "w": 4,
          "x": 12,
          "y": 8
        },
        "id": 11,
        "links": [],
        "maxDataPoints": 100,
        "options": {
          "colorMode": "none",
          "graphMode": "none",
          "justifyMode": "auto",
          "orientation": "horizontal",
          "reduceOptions": {
            "calcs": [
              "lastNotNull"
            ],
            "fields": "",
            "values": false
          },
          "textMode": "auto",
          "wideLayout": true
        },
        "pluginVersion": "10.2.3",
        "targets": [
          {
            "datasource": {
              "type": "prometheus",
              "uid": "b98c8fd7-a783-4635-8d04-f7555d2e2df4"
            },
            "editorMode": "code",
            "expr": "sum (rate (container_cpu_usage_seconds_total{id=\"/\"}[$interval]))",
            "format": "time_series",
            "interval": "10s",
            "intervalFactor": 1,
            "legendFormat": "",
            "range": true,
            "refId": "A",
            "step": 10
          }
        ],
        "title": "Used",
        "type": "stat"
      },
      {
        "datasource": {
          "type": "prometheus",
          "uid": "b98c8fd7-a783-4635-8d04-f7555d2e2df4"
        },
        "fieldConfig": {
          "defaults": {
            "color": {
              "mode": "thresholds"
            },
            "decimals": 2,
            "mappings": [
              {
                "options": {
                  "match": "null",
                  "result": {
                    "text": "N/A"
                  }
                },
                "type": "special"
              }
            ],
            "thresholds": {
              "mode": "absolute",
              "steps": [
                {
                  "color": "green",
                  "value": null
                },
                {
                  "color": "red",
                  "value": 80
                }
              ]
            },
            "unit": "bytes"
          },
          "overrides": []
        },
        "gridPos": {
          "h": 3,
          "w": 4,
          "x": 16,
          "y": 8
        },
        "id": 13,
        "links": [],
        "maxDataPoints": 100,
        "options": {
          "colorMode": "none",
          "graphMode": "none",
          "justifyMode": "auto",
          "orientation": "horizontal",
          "reduceOptions": {
            "calcs": [
              "lastNotNull"
            ],
            "fields": "",
            "values": false
          },
          "textMode": "auto",
          "wideLayout": true
        },
        "pluginVersion": "10.2.3",
        "targets": [
          {
            "datasource": {
              "type": "prometheus",
              "uid": "b98c8fd7-a783-4635-8d04-f7555d2e2df4"
            },
            "expr": "sum (container_fs_usage_bytes{id=\"/\"})",
            "format": "time_series",
            "interval": "10s",
            "intervalFactor": 1,
            "legendFormat": "",
            "refId": "A",
            "step": 10
          }
        ],
        "title": "Used",
        "type": "stat"
      },
      {
        "datasource": {
          "type": "prometheus",
          "uid": "b98c8fd7-a783-4635-8d04-f7555d2e2df4"
        },
        "fieldConfig": {
          "defaults": {
            "color": {
              "mode": "thresholds"
            },
            "decimals": 2,
            "mappings": [
              {
                "options": {
                  "match": "null",
                  "result": {
                    "text": "N/A"
                  }
                },
                "type": "special"
              }
            ],
            "thresholds": {
              "mode": "absolute",
              "steps": [
                {
                  "color": "green",
                  "value": null
                },
                {
                  "color": "red",
                  "value": 80
                }
              ]
            },
            "unit": "bytes"
          },
          "overrides": []
        },
        "gridPos": {
          "h": 3,
          "w": 4,
          "x": 20,
          "y": 8
        },
        "id": 14,
        "links": [],
        "maxDataPoints": 100,
        "options": {
          "colorMode": "none",
          "graphMode": "none",
          "justifyMode": "auto",
          "orientation": "horizontal",
          "reduceOptions": {
            "calcs": [
              "lastNotNull"
            ],
            "fields": "",
            "values": false
          },
          "textMode": "auto",
          "wideLayout": true
        },
        "pluginVersion": "10.2.3",
        "targets": [
          {
            "datasource": {
              "type": "prometheus",
              "uid": "b98c8fd7-a783-4635-8d04-f7555d2e2df4"
            },
            "expr": "sum (container_fs_limit_bytes{id=\"/\"})",
            "format": "time_series",
            "interval": "10s",
            "intervalFactor": 1,
            "legendFormat": "",
            "refId": "A",
            "step": 10
          }
        ],
        "title": "Total",
        "type": "stat"
      },
      {
        "datasource": {
          "type": "prometheus",
          "uid": "b98c8fd7-a783-4635-8d04-f7555d2e2df4"
        },
        "fieldConfig": {
          "defaults": {
            "color": {
              "mode": "thresholds"
            },
            "custom": {
              "align": "auto",
              "cellOptions": {
                "type": "auto"
              },
              "inspect": false
            },
            "mappings": [],
            "thresholds": {
              "mode": "absolute",
              "steps": [
                {
                  "color": "green",
                  "value": null
                },
                {
                  "color": "red",
                  "value": 80
                }
              ]
            }
          },
          "overrides": []
        },
        "gridPos": {
          "h": 6,
          "w": 24,
          "x": 0,
          "y": 11
        },
        "id": 46,
        "options": {
          "cellHeight": "sm",
          "footer": {
            "countRows": false,
            "fields": "",
            "reducer": [
              "sum"
            ],
            "show": false
          },
          "showHeader": true
        },
        "pluginVersion": "10.2.3",
        "targets": [
          {
            "datasource": {
              "type": "prometheus",
              "uid": "b98c8fd7-a783-4635-8d04-f7555d2e2df4"
            },
            "editorMode": "code",
            "expr": "predicted_cpu_cost_saved",
            "instant": false,
            "legendFormat": "__auto",
            "range": true,
            "refId": "A"
          }
        ],
        "title": "Predicted Cost Saved (USD)",
        "transformations": [
          {
            "id": "labelsToFields",
            "options": {
              "keepLabels": [
                "target"
              ],
              "mode": "columns"
            }
          },
          {
            "id": "reduce",
            "options": {
              "includeTimeField": false,
              "labelsToFields": false,
              "mode": "seriesToRows",
              "reducers": [
                "last"
              ]
            }
          }
        ],
        "type": "table"
      },
      {
        "collapsed": false,
        "datasource": {
          "type": "prometheus",
          "uid": "b98c8fd7-a783-4635-8d04-f7555d2e2df4"
        },
        "gridPos": {
          "h": 1,
          "w": 24,
          "x": 0,
          "y": 17
        },
        "id": 37,
        "panels": [],
        "targets": [
          {
            "datasource": {
              "type": "prometheus",
              "uid": "b98c8fd7-a783-4635-8d04-f7555d2e2df4"
            },
            "refId": "A"
          }
        ],
        "title": "CPU",
        "type": "row"
      },
      {
        "aliasColors": {},
        "bars": false,
        "dashLength": 10,
        "dashes": false,
        "datasource": {
          "type": "prometheus",
          "uid": "b98c8fd7-a783-4635-8d04-f7555d2e2df4"
        },
        "decimals": 3,
        "editable": true,
        "error": false,
        "fill": 0,
        "fillGradient": 0,
        "grid": {},
        "gridPos": {
          "h": 7,
          "w": 24,
          "x": 0,
          "y": 18
        },
        "height": "",
        "hiddenSeries": false,
        "id": 17,
        "legend": {
          "alignAsTable": true,
          "avg": true,
          "current": true,
          "max": false,
          "min": false,
          "rightSide": true,
          "show": true,
          "sort": "current",
          "sortDesc": true,
          "total": false,
          "values": true
        },
        "lines": true,
        "linewidth": 1,
        "links": [],
        "nullPointMode": "connected",
        "options": {
          "alertThreshold": true
        },
        "percentage": false,
        "pluginVersion": "10.2.3",
        "pointradius": 5,
        "points": false,
        "renderer": "flot",
        "seriesOverrides": [],
        "spaceLength": 10,
        "stack": true,
        "steppedLine": false,
        "targets": [
          {
            "datasource": {
              "type": "prometheus",
              "uid": "b98c8fd7-a783-4635-8d04-f7555d2e2df4"
            },
            "editorMode": "code",
            "expr": "sum (rate (container_cpu_usage_seconds_total{image!=\"\",name=~\"^k8s_.*\"}[$interval])) by (pod_name)",
            "format": "time_series",
            "interval": "10s",
            "intervalFactor": 1,
            "legendFormat": "{{ pod_name }}",
            "metric": "container_cpu",
            "range": true,
            "refId": "A",
            "step": 10
          }
        ],
        "thresholds": [],
        "timeRegions": [],
        "title": "Pods CPU usage ($interval avg)",
        "tooltip": {
          "msResolution": true,
          "shared": true,
          "sort": 2,
          "value_type": "cumulative"
        },
        "type": "graph",
        "xaxis": {
          "mode": "time",
          "show": true,
          "values": []
        },
        "yaxes": [
          {
            "format": "none",
            "label": "cores",
            "logBase": 1,
            "show": true
          },
          {
            "format": "short",
            "logBase": 1,
            "show": false
          }
        ],
        "yaxis": {
          "align": false
        }
      },
      {
        "aliasColors": {},
        "bars": false,
        "dashLength": 10,
        "dashes": false,
        "datasource": {
          "type": "prometheus",
          "uid": "b98c8fd7-a783-4635-8d04-f7555d2e2df4"
        },
        "decimals": 2,
        "editable": true,
        "error": false,
        "fill": 1,
        "fillGradient": 0,
        "grid": {},
        "gridPos": {
          "h": 7,
          "w": 24,
          "x": 0,
          "y": 25
        },
        "hiddenSeries": false,
        "id": 38,
        "legend": {
          "alignAsTable": true,
          "avg": true,
          "current": true,
          "max": false,
          "min": false,
          "rightSide": true,
          "show": true,
          "total": false,
          "values": true
        },
        "lines": true,
        "linewidth": 2,
        "links": [],
        "nullPointMode": "connected",
        "options": {
          "alertThreshold": true
        },
        "percentage": false,
        "pluginVersion": "10.2.3",
        "pointradius": 5,
        "points": false,
        "renderer": "flot",
        "seriesOverrides": [],
        "spaceLength": 10,
        "stack": false,
        "steppedLine": false,
        "targets": [
          {
            "datasource": {
              "type": "prometheus",
              "uid": "b98c8fd7-a783-4635-8d04-f7555d2e2df4"
            },
            "expr": "rate(container_cpu_user_seconds_total{image!=\"\"}[5m]) * 100",
            "intervalFactor": 2,
            "legendFormat": "{{name}}",
            "metric": "cpu",
            "refId": "A",
            "step": 10
          }
        ],
        "thresholds": [],
        "timeRegions": [],
        "title": "CPU Usage",
        "tooltip": {
          "msResolution": false,
          "shared": true,
          "sort": 0,
          "value_type": "cumulative"
        },
        "type": "graph",
        "xaxis": {
          "mode": "time",
          "show": true,
          "values": []
        },
        "yaxes": [
          {
            "format": "percent",
            "logBase": 1,
            "show": true
          },
          {
            "format": "short",
            "logBase": 1,
            "show": true
          }
        ],
        "yaxis": {
          "align": false
        }
      },
      {
        "datasource": {
          "type": "prometheus",
          "uid": "b98c8fd7-a783-4635-8d04-f7555d2e2df4"
        },
        "fieldConfig": {
          "defaults": {
            "color": {
              "mode": "thresholds"
            },
            "custom": {
              "axisBorderShow": false,
              "axisCenteredZero": false,
              "axisColorMode": "text",
              "axisLabel": "",
              "axisPlacement": "auto",
              "fillOpacity": 80,
              "gradientMode": "none",
              "hideFrom": {
                "legend": false,
                "tooltip": false,
                "viz": false
              },
              "lineWidth": 1,
              "scaleDistribution": {
                "type": "linear"
              },
              "thresholdsStyle": {
                "mode": "off"
              }
            },
            "mappings": [],
            "thresholds": {
              "mode": "absolute",
              "steps": [
                {
                  "color": "green"
                },
                {
                  "color": "yellow",
                  "value": 0.5
                },
                {
                  "color": "red",
                  "value": 1
                }
              ]
            },
            "unit": "cores"
          },
          "overrides": [
            {
              "__systemRef": "hideSeriesFrom",
              "matcher": {
                "id": "byNames",
                "options": {
                  "mode": "exclude",
                  "names": [
                    "cadvisor-f4dfz - Usage",
                    "cadvisor-f4dfz - Limit"
                  ],
                  "prefix": "All except:",
                  "readOnly": true
                }
              },
              "properties": [
                {
                  "id": "custom.hideFrom",
                  "value": {
                    "legend": false,
                    "tooltip": false,
                    "viz": true
                  }
                }
              ]
            }
          ]
        },
        "gridPos": {
          "h": 10,
          "w": 24,
          "x": 0,
          "y": 32
        },
        "id": 42,
        "options": {
          "barRadius": 0,
          "barWidth": 0.75,
          "displayMode": "basic",
          "fullHighlight": false,
          "groupWidth": 0.7,
          "legend": {
            "calcs": [
              "lastNotNull"
            ],
            "displayMode": "table",
            "placement": "bottom",
            "showLegend": true
          },
          "orientation": "auto",
          "showValue": "auto",
          "stacking": {
            "mode": "none"
          },
          "tooltip": {
            "mode": "single",
            "sort": "none"
          },
          "xTickLabelRotation": 0,
          "xTickLabelSpacing": 0
        },
        "targets": [
          {
            "expr": "sum by(pod) (kube_pod_container_resource_limits{resource=\"cpu\", unit=\"core\"})",
            "instant": true,
            "legendFormat": "{{pod}} - Limit",
            "refId": "A"
          },
          {
            "expr": "sum by(container_label_io_kubernetes_pod_name) (rate(container_cpu_usage_seconds_total{cpu=\"total\"}[5m]))",
            "instant": true,
            "legendFormat": "{{container_label_io_kubernetes_pod_name}} - Usage",
            "refId": "B"
          }
        ],
        "title": "Pod CPU Usage vs Limit",
        "type": "barchart"
      },
      {
        "datasource": {
          "type": "prometheus",
          "uid": "b98c8fd7-a783-4635-8d04-f7555d2e2df4"
        },
        "fieldConfig": {
          "defaults": {
            "color": {
              "mode": "palette-classic"
            },
            "custom": {
              "axisBorderShow": false,
              "axisCenteredZero": false,
              "axisColorMode": "text",
              "axisLabel": "",
              "axisPlacement": "auto",
              "barAlignment": 0,
              "drawStyle": "line",
              "fillOpacity": 0,
              "gradientMode": "none",
              "hideFrom": {
                "legend": false,
                "tooltip": false,
                "viz": false
              },
              "insertNulls": false,
              "lineInterpolation": "linear",
              "lineWidth": 1,
              "pointSize": 5,
              "scaleDistribution": {
                "type": "linear"
              },
              "showPoints": "auto",
              "spanNulls": false,
              "stacking": {
                "group": "A",
                "mode": "none"
              },
              "thresholdsStyle": {
                "mode": "off"
              }
            },
            "mappings": [],
            "thresholds": {
              "mode": "absolute",
              "steps": [
                {
                  "color": "green"
                },
                {
                  "color": "red",
                  "value": 80
                }
              ]
            }
          },
          "overrides": [
            {
              "__systemRef": "hideSeriesFrom",
              "matcher": {
                "id": "byNames",
                "options": {
                  "mode": "exclude",
                  "names": [
                    "{exported_job=\"resource-predictor\", instance=\"pushgateway.monitoring.svc.cluster.local:9091\", job=\"resource-predictor\", target=\"cadvisor/cadvisor-f4dfz/cadvisor\"}"
                  ],
                  "prefix": "All except:",
                  "readOnly": true
                }
              },
              "properties": [
                {
                  "id": "custom.hideFrom",
                  "value": {
                    "legend": false,
                    "tooltip": false,
                    "viz": true
                  }
                }
              ]
            }
          ]
        },
        "gridPos": {
          "h": 10,
          "w": 24,
          "x": 0,
          "y": 42
        },
        "id": 44,
        "options": {
          "legend": {
            "calcs": [],
            "displayMode": "list",
            "placement": "bottom",
            "showLegend": true
          },
          "tooltip": {
            "mode": "single",
            "sort": "none"
          }
        },
        "targets": [
          {
            "datasource": {
              "type": "prometheus",
              "uid": "b98c8fd7-a783-4635-8d04-f7555d2e2df4"
            },
            "editorMode": "code",
            "expr": "clamp_max(predicted_cpu_cost_saved, 1000000)",
            "instant": false,
            "legendFormat": "__auto",
            "range": true,
            "refId": "A"
          }
        ],
        "title": "Predicted CPU Usage",
        "transformations": [],
        "type": "timeseries"
      },
      {
        "collapsed": false,
        "datasource": {
          "type": "prometheus",
          "uid": "b98c8fd7-a783-4635-8d04-f7555d2e2df4"
        },
        "gridPos": {
          "h": 1,
          "w": 24,
          "x": 0,
          "y": 52
        },
        "id": 35,
        "panels": [],
        "targets": [
          {
            "datasource": {
              "type": "prometheus",
              "uid": "b98c8fd7-a783-4635-8d04-f7555d2e2df4"
            },
            "refId": "A"
          }
        ],
        "title": "Memory",
        "type": "row"
      },
      {
        "aliasColors": {},
        "bars": false,
        "dashLength": 10,
        "dashes": false,
        "datasource": {
          "type": "prometheus",
          "uid": "b98c8fd7-a783-4635-8d04-f7555d2e2df4"
        },
        "decimals": 2,
        "editable": true,
        "error": false,
        "fill": 0,
        "fillGradient": 0,
        "grid": {},
        "gridPos": {
          "h": 7,
          "w": 24,
          "x": 0,
          "y": 53
        },
        "hiddenSeries": false,
        "id": 25,
        "legend": {
          "alignAsTable": true,
          "avg": true,
          "current": true,
          "hideEmpty": false,
          "max": false,
          "min": false,
          "rightSide": true,
          "show": true,
          "sideWidth": 200,
          "sort": "current",
          "sortDesc": true,
          "total": false,
          "values": true
        },
        "lines": true,
        "linewidth": 1,
        "links": [],
        "nullPointMode": "connected",
        "options": {
          "alertThreshold": true
        },
        "percentage": false,
        "pluginVersion": "10.2.3",
        "pointradius": 5,
        "points": false,
        "renderer": "flot",
        "seriesOverrides": [],
        "spaceLength": 10,
        "stack": true,
        "steppedLine": false,
        "targets": [
          {
            "datasource": {
              "type": "prometheus",
              "uid": "b98c8fd7-a783-4635-8d04-f7555d2e2df4"
            },
            "editorMode": "code",
            "expr": "sum (container_memory_working_set_bytes{image!=\"\",name=~\"^k8s_.*\"}) by (pod_name)",
            "format": "time_series",
            "interval": "10s",
            "intervalFactor": 1,
            "legendFormat": "{{ pod_name }}",
            "metric": "container_memory_usage:sort_desc",
            "range": true,
            "refId": "A",
            "step": 10
          }
        ],
        "thresholds": [],
        "timeRegions": [],
        "title": "Pods memory usage",
        "tooltip": {
          "msResolution": false,
          "shared": true,
          "sort": 2,
          "value_type": "cumulative"
        },
        "type": "graph",
        "xaxis": {
          "mode": "time",
          "show": true,
          "values": []
        },
        "yaxes": [
          {
            "format": "bytes",
            "logBase": 1,
            "show": true
          },
          {
            "format": "short",
            "logBase": 1,
            "show": false
          }
        ],
        "yaxis": {
          "align": false
        }
      },
      {
        "aliasColors": {},
        "bars": false,
        "dashLength": 10,
        "dashes": false,
        "datasource": {
          "type": "prometheus",
          "uid": "b98c8fd7-a783-4635-8d04-f7555d2e2df4"
        },
        "decimals": 2,
        "editable": true,
        "error": false,
        "fill": 1,
        "fillGradient": 0,
        "grid": {},
        "gridPos": {
          "h": 7,
          "w": 24,
          "x": 0,
          "y": 60
        },
        "hiddenSeries": false,
        "id": 39,
        "legend": {
          "alignAsTable": true,
          "avg": true,
          "current": true,
          "max": false,
          "min": false,
          "rightSide": true,
          "show": true,
          "total": false,
          "values": true
        },
        "lines": true,
        "linewidth": 2,
        "links": [],
        "nullPointMode": "connected",
        "options": {
          "alertThreshold": true
        },
        "percentage": false,
        "pluginVersion": "10.2.3",
        "pointradius": 5,
        "points": false,
        "renderer": "flot",
        "seriesOverrides": [],
        "spaceLength": 10,
        "stack": false,
        "steppedLine": false,
        "targets": [
          {
            "datasource": {
              "type": "prometheus",
              "uid": "b98c8fd7-a783-4635-8d04-f7555d2e2df4"
            },
            "expr": "container_memory_usage_bytes{image!=\"\"}",
            "hide": false,
            "intervalFactor": 2,
            "legendFormat": "{{name}}",
            "metric": "container_memory_usage_bytes",
            "refId": "A",
            "step": 10
          }
        ],
        "thresholds": [],
        "timeRegions": [],
        "title": "Memory Usage",
        "tooltip": {
          "msResolution": false,
          "shared": true,
          "sort": 0,
          "value_type": "cumulative"
        },
        "type": "graph",
        "xaxis": {
          "mode": "time",
          "show": true,
          "values": []
        },
        "yaxes": [
          {
            "format": "bytes",
            "label": "",
            "logBase": 1,
            "show": true
          },
          {
            "format": "short",
            "logBase": 1,
            "show": false
          }
        ],
        "yaxis": {
          "align": false
        }
      },
      {
        "collapsed": true,
        "datasource": {
          "type": "prometheus",
          "uid": "b98c8fd7-a783-4635-8d04-f7555d2e2df4"
        },
        "gridPos": {
          "h": 1,
          "w": 24,
          "x": 0,
          "y": 67
        },
        "id": 33,
        "panels": [
          {
            "aliasColors": {},
            "bars": false,
            "dashLength": 10,
            "dashes": false,
            "datasource": {
              "type": "prometheus",
              "uid": "b98c8fd7-a783-4635-8d04-f7555d2e2df4"
            },
            "decimals": 2,
            "editable": true,
            "error": false,
            "fill": 1,
            "fillGradient": 0,
            "grid": {},
            "gridPos": {
              "h": 5,
              "w": 24,
              "x": 0,
              "y": 76
            },
            "height": "200px",
            "hiddenSeries": false,
            "id": 32,
            "legend": {
              "alignAsTable": false,
              "avg": true,
              "current": true,
              "max": false,
              "min": false,
              "rightSide": false,
              "show": false,
              "sideWidth": 200,
              "sort": "current",
              "sortDesc": true,
              "total": false,
              "values": true
            },
            "lines": true,
            "linewidth": 2,
            "links": [],
            "nullPointMode": "connected",
            "options": {
              "alertThreshold": true
            },
            "percentage": false,
            "pluginVersion": "10.2.3",
            "pointradius": 5,
            "points": false,
            "renderer": "flot",
            "seriesOverrides": [],
            "spaceLength": 10,
            "stack": false,
            "steppedLine": false,
            "targets": [
              {
                "datasource": {
                  "type": "prometheus",
                  "uid": "b98c8fd7-a783-4635-8d04-f7555d2e2df4"
                },
                "editorMode": "code",
                "expr": "sum (rate (container_network_receive_bytes_total[$interval]))",
                "format": "time_series",
                "interval": "10s",
                "intervalFactor": 1,
                "legendFormat": "Received",
                "metric": "network",
                "range": true,
                "refId": "A",
                "step": 10
              },
              {
                "datasource": {
                  "type": "prometheus",
                  "uid": "b98c8fd7-a783-4635-8d04-f7555d2e2df4"
                },
                "editorMode": "code",
                "expr": "- sum (rate (container_network_transmit_bytes_total[$interval]))",
                "format": "time_series",
                "interval": "10s",
                "intervalFactor": 1,
                "legendFormat": "Sent",
                "metric": "network",
                "range": true,
                "refId": "B",
                "step": 10
              }
            ],
            "thresholds": [],
            "timeRegions": [],
            "title": "Network I/O pressure",
            "tooltip": {
              "msResolution": false,
              "shared": true,
              "sort": 0,
              "value_type": "cumulative"
            },
            "type": "graph",
            "xaxis": {
              "mode": "time",
              "show": true,
              "values": []
            },
            "yaxes": [
              {
                "format": "Bps",
                "logBase": 1,
                "show": true
              },
              {
                "format": "Bps",
                "logBase": 1,
                "show": false
              }
            ],
            "yaxis": {
              "align": false
            }
          },
          {
            "aliasColors": {},
            "bars": false,
            "dashLength": 10,
            "dashes": false,
            "datasource": {
              "type": "prometheus",
              "uid": "b98c8fd7-a783-4635-8d04-f7555d2e2df4"
            },
            "decimals": 2,
            "editable": true,
            "error": false,
            "fill": 1,
            "fillGradient": 0,
            "grid": {},
            "gridPos": {
              "h": 7,
              "w": 24,
              "x": 0,
              "y": 81
            },
            "hiddenSeries": false,
            "id": 16,
            "legend": {
              "alignAsTable": true,
              "avg": true,
              "current": true,
              "max": false,
              "min": false,
              "rightSide": true,
              "show": true,
              "sideWidth": 200,
              "sort": "current",
              "sortDesc": true,
              "total": false,
              "values": true
            },
            "lines": true,
            "linewidth": 2,
            "links": [],
            "nullPointMode": "connected",
            "options": {
              "alertThreshold": true
            },
            "percentage": false,
            "pluginVersion": "10.2.3",
            "pointradius": 5,
            "points": false,
            "renderer": "flot",
            "seriesOverrides": [],
            "spaceLength": 10,
            "stack": false,
            "steppedLine": false,
            "targets": [
              {
                "datasource": {
                  "type": "prometheus",
                  "uid": "b98c8fd7-a783-4635-8d04-f7555d2e2df4"
                },
                "editorMode": "code",
                "expr": "sum (rate (container_network_receive_bytes_total{image!=\"\",name=~\"^k8s_.*\"}[$interval])) by (pod_name)",
                "format": "time_series",
                "interval": "10s",
                "intervalFactor": 1,
                "legendFormat": "-> {{ pod_name }}",
                "metric": "network",
                "range": true,
                "refId": "A",
                "step": 10
              },
              {
                "datasource": {
                  "type": "prometheus",
                  "uid": "b98c8fd7-a783-4635-8d04-f7555d2e2df4"
                },
                "editorMode": "code",
                "expr": "- sum (rate (container_network_transmit_bytes_total{image!=\"\",name=~\"^k8s_.*\"}[$interval])) by (pod_name)",
                "format": "time_series",
                "interval": "10s",
                "intervalFactor": 1,
                "legendFormat": "<- {{ pod_name }}",
                "metric": "network",
                "range": true,
                "refId": "B",
                "step": 10
              }
            ],
            "thresholds": [],
            "timeRegions": [],
            "title": "Pods network I/O ($interval avg)",
            "tooltip": {
              "msResolution": false,
              "shared": true,
              "sort": 2,
              "value_type": "cumulative"
            },
            "type": "graph",
            "xaxis": {
              "mode": "time",
              "show": true,
              "values": []
            },
            "yaxes": [
              {
                "format": "Bps",
                "logBase": 1,
                "show": true
              },
              {
                "format": "short",
                "logBase": 1,
                "show": false
              }
            ],
            "yaxis": {
              "align": false
            }
          },
          {
            "aliasColors": {},
            "bars": false,
            "dashLength": 10,
            "dashes": false,
            "datasource": {
              "type": "prometheus",
              "uid": "b98c8fd7-a783-4635-8d04-f7555d2e2df4"
            },
            "editable": true,
            "error": false,
            "fill": 1,
            "fillGradient": 0,
            "grid": {},
            "gridPos": {
              "h": 7,
              "w": 12,
              "x": 0,
              "y": 88
            },
            "hiddenSeries": false,
            "id": 40,
            "legend": {
              "avg": false,
              "current": false,
              "max": false,
              "min": false,
              "show": true,
              "total": false,
              "values": false
            },
            "lines": true,
            "linewidth": 2,
            "links": [],
            "nullPointMode": "connected",
            "options": {
              "alertThreshold": true
            },
            "percentage": false,
            "pluginVersion": "10.2.3",
            "pointradius": 5,
            "points": false,
            "renderer": "flot",
            "seriesOverrides": [],
            "spaceLength": 10,
            "stack": false,
            "steppedLine": false,
            "targets": [
              {
                "datasource": {
                  "type": "prometheus",
                  "uid": "b98c8fd7-a783-4635-8d04-f7555d2e2df4"
                },
                "expr": "irate(container_network_receive_bytes_total{image!=\"\"}[5m])",
                "intervalFactor": 2,
                "legendFormat": "{{name}}",
                "metric": "container_network_receive_bytes_total",
                "refId": "A",
                "step": 20
              }
            ],
            "thresholds": [],
            "timeRegions": [],
            "title": "Network Rx",
            "tooltip": {
              "msResolution": false,
              "shared": true,
              "sort": 0,
              "value_type": "cumulative"
            },
            "type": "graph",
            "xaxis": {
              "mode": "time",
              "show": true,
              "values": []
            },
            "yaxes": [
              {
                "format": "Bps",
                "logBase": 1,
                "show": true
              },
              {
                "format": "short",
                "logBase": 1,
                "show": true
              }
            ],
            "yaxis": {
              "align": false
            }
          },
          {
            "aliasColors": {},
            "bars": false,
            "dashLength": 10,
            "dashes": false,
            "datasource": {
              "type": "prometheus",
              "uid": "b98c8fd7-a783-4635-8d04-f7555d2e2df4"
            },
            "editable": true,
            "error": false,
            "fill": 1,
            "fillGradient": 0,
            "grid": {},
            "gridPos": {
              "h": 7,
              "w": 12,
              "x": 12,
              "y": 88
            },
            "hiddenSeries": false,
            "id": 41,
            "legend": {
              "avg": false,
              "current": false,
              "max": false,
              "min": false,
              "show": true,
              "total": false,
              "values": false
            },
            "lines": true,
            "linewidth": 2,
            "links": [],
            "nullPointMode": "connected",
            "options": {
              "alertThreshold": true
            },
            "percentage": false,
            "pluginVersion": "10.2.3",
            "pointradius": 5,
            "points": false,
            "renderer": "flot",
            "seriesOverrides": [],
            "spaceLength": 10,
            "stack": false,
            "steppedLine": false,
            "targets": [
              {
                "datasource": {
                  "type": "prometheus",
                  "uid": "b98c8fd7-a783-4635-8d04-f7555d2e2df4"
                },
                "expr": "irate(container_network_transmit_bytes_total{image!=\"\"}[5m])",
                "intervalFactor": 2,
                "legendFormat": "{{name}}",
                "refId": "A",
                "step": 20
              }
            ],
            "thresholds": [],
            "timeRegions": [],
            "title": "Network Tx",
            "tooltip": {
              "msResolution": false,
              "shared": true,
              "sort": 0,
              "value_type": "cumulative"
            },
            "type": "graph",
            "xaxis": {
              "mode": "time",
              "show": true,
              "values": []
            },
            "yaxes": [
              {
                "format": "Bps",
                "logBase": 1,
                "show": true
              },
              {
                "format": "short",
                "logBase": 1,
                "show": true
              }
            ],
            "yaxis": {
              "align": false
            }
          }
        ],
        "targets": [
          {
            "datasource": {
              "type": "prometheus",
              "uid": "b98c8fd7-a783-4635-8d04-f7555d2e2df4"
            },
            "refId": "A"
          }
        ],
        "title": "Network I/O",
        "type": "row"
      }
    ],
    "refresh": "10s",
    "schemaVersion": 39,
    "tags": [
      "kubernetes"
    ],
    "templating": {
      "list": [
        {
          "auto": true,
          "auto_count": 20,
          "auto_min": "2m",
          "current": {
            "selected": false,
            "text": "auto",
            "value": "$__auto_interval_interval"
          },
          "hide": 2,
          "name": "interval",
          "options": [
            {
              "selected": true,
              "text": "auto",
              "value": "$__auto_interval_interval"
            },
            {
              "selected": false,
              "text": "1m",
              "value": "1m"
            },
            {
              "selected": false,
              "text": "10m",
              "value": "10m"
            },
            {
              "selected": false,
              "text": "30m",
              "value": "30m"
            },
            {
              "selected": false,
              "text": "1h",
              "value": "1h"
            },
            {
              "selected": false,
              "text": "6h",
              "value": "6h"
            },
            {
              "selected": false,
              "text": "12h",
              "value": "12h"
            },
            {
              "selected": false,
              "text": "1d",
              "value": "1d"
            },
            {
              "selected": false,
              "text": "7d",
              "value": "7d"
            },
            {
              "selected": false,
              "text": "14d",
              "value": "14d"
            },
            {
              "selected": false,
              "text": "30d",
              "value": "30d"
            }
          ],
          "query": "1m,10m,30m,1h,6h,12h,1d,7d,14d,30d",
          "refresh": 2,
          "skipUrlSync": false,
          "type": "interval"
        },
        {
          "current": {
            "selected": false,
            "text": "lima-rancher-desktop",
            "value": "lima-rancher-desktop"
          },
          "datasource": {
            "type": "prometheus",
            "uid": "b98c8fd7-a783-4635-8d04-f7555d2e2df4"
          },
          "definition": "label_values(kube_node_info,node)",
          "hide": 0,
          "includeAll": false,
          "multi": false,
          "name": "Node",
          "options": [],
          "query": {
            "qryType": 1,
            "query": "label_values(kube_node_info,node)",
            "refId": "PrometheusVariableQueryEditor-VariableQuery"
          },
          "refresh": 1,
          "regex": "",
          "skipUrlSync": false,
          "sort": 0,
          "type": "query"
        }
      ]
    },
    "time": {
      "from": "now-15m",
      "to": "now"
    },
    "timepicker": {
      "refresh_intervals": [
        "5s",
        "10s",
        "30s",
        "1m",
        "5m",
        "15m",
        "30m",
        "1h",
        "2h",
        "1d"
      ],
      "time_options": [
        "5m",
        "15m",
        "1h",
        "6h",
        "12h",
        "24h",
        "2d",
        "7d",
        "30d"
      ]
    },
    "timezone": "browser",
    "title": "Cluster Monitoring for Kubernetes",
    "uid": "JABGX_-mz",
    "version": 38,
    "weekStart": ""
  }